nummer,original
0,#1.png
1,#25.png
2,#26 (1) (1).png
3,#26 (3).png
4,#26.png
5,#3359.png
6,#3381.png
7,#3381c.png
8,#3460.png
9,#35 (4)2.png
10,#3707.png
11,#3734 (1).png
12,#3734.png
13,#3737.png
14,#3743.png
15,#3753.png
16,#3804.png
17,#3825 (1).png
18,#3826 (1).png
19,#3828 (1).png
20,#3893.png
21,#3899.png
22,#4001 (2).png
23,#4011.png
24,#4015.png
25,#4016.png
26,#4030 (2).png
27,#4030 (3).png
28,#4032.png
29,#4033 (1).png
30,#4038 (1).png
31,#4048.png
32,#4050.png
33,#4065 (4).png
34,#41 3.png
35,#5 neuff.png
36,#5.png
37,#5ff.png
38,#7 oF.png
39,#9jj.png
40,0000.png
41,1.png
42,10 ganz neu.png
43,100 (1).png
44,100.png
45,1001.png
46,1024 (1).png
47,10oo.jpg
48,11.png
49,111.png
50,11b.png
51,123.png
52,129.png
53,12ll.png
54,12sd.png
55,16.png
56,17 (1).png
57,1795~000.png
58,17rrrr.png
59,1998.png
60,1cv.png
61,2 (1)c.png
62,20180430_205549.png
63,22.png
64,224ss.png
65,22cccc.png
66,24 (2)fd.png
67,263sss.png
68,283eee.png
69,28ggj.png
70,2ccc.png
71,3.png
72,32lo.png
73,333.png
74,37gg.png
75,4.png
76,4054.png
77,410.png
78,4cc.png
79,75 (2).png
80,75.png
81,803.png
82,88.png
83,888.png
84,9.png
85,904hh.png
86,910dd.png
87,92pp.png
88,97.png
89,9cc.png
90,AMain Picture.png
91,M1 (34).png
92,Screenshot 2022-07-13 075832.png
93,Screenshot_20230501_231056_Instagram.jpg
94,TM 62.png
95,TM 89 (1).png
96,TWDC#47 (2.png
97,V29.png
98,_16-removebg-preview (4).png
99,four banana gold.png
100,one show 1600.png
